<?xml version="1.0" encoding="UTF-8"?>
<project-private xmlns="http://www.netbeans.org/ns/project-private/1">
    <editor-bookmarks xmlns="http://www.netbeans.org/ns/editor-bookmarks/2" lastBookmarkId="0"/>
    <open-files xmlns="http://www.netbeans.org/ns/projectui-open-files/2">
        <group>
            <file>file:/home/jjavier98/Escritorio/Universidad/2º%20año/1er%20Semestre/PDOO/QytetetJava/src/modeloqytetet/Casilla.java</file>
            <file>file:/home/jjavier98/Escritorio/Universidad/2º%20año/1er%20Semestre/PDOO/QytetetJava/src/modeloqytetet/Jugador.java</file>
            <file>file:/home/jjavier98/Escritorio/Universidad/2º%20año/1er%20Semestre/PDOO/QytetetJava/src/modeloqytetet/Qytetet.java</file>
            <file>file:/home/jjavier98/Escritorio/Universidad/2º%20año/1er%20Semestre/PDOO/QytetetJava/src/InterfazTextualQytetet/ControladorQytetet.java</file>
            <file>file:/home/jjavier98/Escritorio/Universidad/2º%20año/1er%20Semestre/PDOO/QytetetJava/src/modeloqytetet/Tablero.java</file>
            <file>file:/home/jjavier98/Escritorio/Universidad/2º%20año/1er%20Semestre/PDOO/QytetetJava/src/modeloqytetet/TituloPropiedad.java</file>
            <file>file:/home/jjavier98/Escritorio/Universidad/2º%20año/1er%20Semestre/PDOO/QytetetJava/src/modeloqytetet/Sorpresa.java</file>
            <file>file:/home/jjavier98/Escritorio/Universidad/2º%20año/1er%20Semestre/PDOO/QytetetJava/src/InterfazTextualQytetet/VistaTextualQytetet.java</file>
        </group>
    </open-files>
</project-private>
